,address,person,wiki,year
0,"4 Ealing Road Wembley HA0 4TL, ",Sir Henry Cooper OBE KSG   ,https://en.wikipedia.org/wiki/Henry_Cooper,2018-01-01
1,"Mumbles Pier, Swansea, Wales, ",Jessie Ace and Margaret Wright,https://en.wikipedia.org/wiki/Jessie_Ace_and_Margaret_Wright,2016-01-01
2,"Lumford HouseBakewell, Derbyshire, ",Richard Arkwright junior   ,https://en.wikipedia.org/wiki/Richard_Arkwright_junior,2011-01-01
5,"Tennal HouseTennal Road, Birmingham, ",Francis William Aston   ,https://en.wikipedia.org/wiki/Francis_William_Aston,2007-01-01
8,"Shentall Memorial GardensChesterfield, Derbyshire, ",Olave Baden-Powell   ,https://en.wikipedia.org/wiki/Olave_Baden-Powell,2011-01-01
9,"Manor Cottage, York Museum Gardens, York., ",Henry Baines   ,https://en.wikipedia.org/wiki/Henry_Baines_(botanist),2018-01-01
13,"Daisy Hill Hospital, Newry, Northern Ireland, ",Elizabeth Bell    ,https://en.wikipedia.org/wiki/Elizabeth_Bell_(doctor),2016-01-01
24,"Elmton, Derbyshire, ",Jedediah Buxton   ,https://en.wikipedia.org/wiki/Jedediah_Buxton,2011-01-01
25,"17 Palmerston RoadWimbledon, London, ",Hetty King   ,https://en.wikipedia.org/wiki/Hetty_King,2010-01-01
26,"""Goldings"", Clays Lane, Loughton, Essex, ",Everard Calthrop   ,https://en.wikipedia.org/wiki/Everard_Calthrop,2008-01-01
33,"Blenheim Road, Minehead, Somerset, ",Arthur C. Clarke,https://en.wikipedia.org/wiki/Arthur_C._Clarke,2001-01-01
37,"Havelock Building, 130 Bold Street, Liverpool L1 4JA (birthplace), ",Sebastian de Ferranti    ,https://en.wikipedia.org/wiki/Sebastian_de_Ferranti,2016-01-01
45,"22 Lysons RoadAldershot, Hampshire, ",Arthur English   ,https://en.wikipedia.org/wiki/Arthur_English,2017-01-01
51,"Old Rectory, Ashby Road,Netherseal, ",Nigel Gresley   ,https://en.wikipedia.org/wiki/Nigel_Gresley,2013-01-01
52,"Swansea Railway Station, High Street, Swansea, SA1 1NU, ",Pete Ham,https://en.wikipedia.org/wiki/Pete_Ham,2013-01-01
58,"Inorganic Chemistry Laboratory, Oxford OX1 3QR, ",Allen Hill,https://en.wikipedia.org/wiki/Hugh_Allen_Oliver_Hill,2012-01-01
64,"Ebenezer Chapel, Ebenezer Street, Swansea, SA1 5BJ, ",Griffith John,https://en.wikipedia.org/wiki/Griffith_John,2013-01-01
67,"Okeover ManorClapham Common Northside, London, ",Marie Kendall   ,https://en.wikipedia.org/wiki/Marie_Kendall,2011-01-01
69,"Birmingham and Midland Institute, Cornwall Street, Birmingham, ",Albert Ketèlbey    ,https://en.wikipedia.org/wiki/Albert_Ket%C3%A8lbey,2002-01-01
72,"Main Street, Hathersage,Derbyshire, ",George Herbert Lawrence   ,https://en.wikipedia.org/w/index.php?title=George_Herbert_Lawrence&action=edit&redlink=1,2013-01-01
78,"Wolstanton, Newcastle-under-Lyme, Staffordshire, ",Sir Oliver Joseph Lodge FRS,https://en.wikipedia.org/wiki/Oliver_Joseph_Lodge,2007-01-01
79,"Kinder RoadHayfield, Derbyshire, ",Arthur Lowe   ,https://en.wikipedia.org/wiki/Arthur_Lowe,2011-01-01
90,"90 Wardour Street, Soho, London W1Site of the Marquee Club, ",Keith Moon   ,https://en.wikipedia.org/wiki/Keith_Moon,2009-01-01
95,", ",Florence Nightingale   ,https://en.wikipedia.org/wiki/Florence_Nightingale,2014-01-01
99,"Chatsworth Estate, Derbyshire, ",Sir Joseph Paxton   ,https://en.wikipedia.org/wiki/Joseph_Paxton,2011-01-01
102,"St. Mary's Lodge, York Museum Gardens, York, ",John Phillips,https://en.wikipedia.org/wiki/John_Phillips_(geologist),2016-01-01
106,"Lewis Trust Dwellings, Warner Road, Camberwell, ",George Arthur Roberts   ,https://en.wikipedia.org/wiki/George_Arthur_Roberts,2016-01-01
107,"75 Moss Lane Pinner, Harrow, ",W. Heath Robinson   ,https://en.wikipedia.org/wiki/W._Heath_Robinson,1976-01-01
108,"Quarndon House,Derby, ",Sir Henry Royce   ,https://en.wikipedia.org/wiki/Henry_Royce,2012-01-01
110,"Priestgate, Barton-upon-Humber, ",Rex C. Russell,https://en.wikipedia.org/w/index.php?title=Rex_C._Russell&action=edit&redlink=1,2015-01-01
113,"Sunnymount Cottage,Chevin Road, Belper, ",Samuel Slater   ,https://en.wikipedia.org/wiki/Samuel_Slater,2012-01-01
115,"County Hall,Smedley Street, Matlock, Derbyshire, ",John Smedley   ,https://en.wikipedia.org/wiki/John_Smedley_(industrialist),2012-01-01
117,"Chesterfield railway station, Derbyshire, ",George Stephenson   ,https://en.wikipedia.org/wiki/George_Stephenson,2011-01-01
118,"Makeney Hall, Belper,Derbyshire, ",George Herbert Strutt   ,https://en.wikipedia.org/wiki/George_Herbert_Strutt,2013-01-01
120,"Beside the stage door of the Adelphi Theatre in London, ",William Terriss    ,https://en.wikipedia.org/wiki/William_Terriss,1971-01-01
132,"Castle Top Farm,Cromford, Derbyshire, ",Alison Uttley   ,https://en.wikipedia.org/wiki/Alison_Uttley,2012-01-01
142,"Amber Mill,Oakerthorpe, Derbyshire, ",Sir Joseph Whitworth   ,https://en.wikipedia.org/wiki/Joseph_Whitworth,2012-01-01
143,"Goldsworth Road, Woking, Surrey, ",Ken Wood   ,https://en.wikipedia.org/wiki/Ken_Wood_(manufacturer),2017-01-01
147,"23 Heddon Street, London, ",Ziggy Stardust,https://en.wikipedia.org/wiki/The_Rise_and_Fall_of_Ziggy_Stardust_and_the_Spiders_from_Mars,2012-01-01
168,"5 Hamlet RoadUpper Norwood SE19 2AP, ",Ira Aldridge   ,https://en.wikipedia.org/wiki/Ira_Aldridge,2007-01-01
169,"Fairmount, Mottingham LaneMottingham SE9 9AG, ",W. G. Grace   ,https://en.wikipedia.org/wiki/W._G._Grace,1963-01-01
170,"6 Crescent RoadSundridge Park BR1 3PW, ",Prince Peter Kropotkin   ,https://en.wikipedia.org/wiki/Peter_Kropotkin,1989-01-01
171,"20 Church RoadShortlands BR2 0HP, ",Alexander Muirhead   ,https://en.wikipedia.org/wiki/Alexander_Muirhead,1981-01-01
172,"51 Tweedy RoadBromley BR1 3NH, ",Rachel McMillan    and Margaret McMillan   ,https://en.wikipedia.org/wiki/Rachel_McMillan,2009-01-01
173,"28 Cintra ParkUpper Norwood SE19 2LH, ",Marie Stopes   ,https://en.wikipedia.org/wiki/Marie_Stopes,2010-01-01
174,"110 Auckland RoadUpper Norwood SE19 2BY, ",Raymond Chandler   ,https://en.wikipedia.org/wiki/Raymond_Chandler,2014-01-01
175,"30 Dagnall ParkSouth Norwood SE25 5PH, ",Samuel Coleridge-Taylor   ,https://en.wikipedia.org/wiki/Samuel_Coleridge-Taylor,1975-01-01
176,"12 Tennison RoadNorth Norwood SE25 5RT, ",Sir Arthur Conan Doyle   ,https://en.wikipedia.org/wiki/Arthur_Conan_Doyle,1973-01-01
177,"20 Outram RoadAddiscombe CR0 6XE, ",Frederick George Creed   ,https://en.wikipedia.org/wiki/Frederick_George_Creed,1973-01-01
178,"32 St James' RoadPurley CR8 2DL, ",Peter Cushing   ,https://en.wikipedia.org/wiki/Peter_Cushing,2018-01-01
179,"144 St James's RoadCroydon CR0 2UY, ",C. B. Fry   ,https://en.wikipedia.org/wiki/C._B._Fry,2005-01-01
180,"45 The ChaseNorbury SW16 3AE, ",Will Hay   ,https://en.wikipedia.org/wiki/Will_Hay,2000-01-01
181,"Coombe Cliff, Coombe RoadCroydon CR0 5SP, ",John Horniman    and Frederick John Horniman   ,https://en.wikipedia.org/w/index.php?title=John_Horniman&action=edit&redlink=1,1988-01-01
182,"Stanley Halls, 12 South Norwood HillSouth Norwood SE25 6AB, ",W. F. R. Stanley   ,https://en.wikipedia.org/wiki/William_Stanley_(inventor),1993-01-01
183,"44 St Peter's RoadSouth Croydon CR0 1RG, ",Alfred Russel Wallace   ,https://en.wikipedia.org/wiki/Alfred_Russel_Wallace,1979-01-01
184,"Queen's Hotel, 122 Church RoadUpper Norwood SE19 2UG, ",Emile Zola   ,https://en.wikipedia.org/wiki/Emile_Zola,1990-01-01
185,"Ealing Studios, Ealing GreenEaling W5 5EP, ",Sir Michael Balcon   ,https://en.wikipedia.org/wiki/Michael_Balcon,2005-01-01
186,"37 The Ridings, Hanger HillEaling W5 3BT, ",Alan Dower Blumlein   ,https://en.wikipedia.org/wiki/Alan_Dower_Blumlein,1977-01-01
187,"7 North Common RoadEaling W5 2QB, ",Dorothea Lambert Chambers   ,https://en.wikipedia.org/wiki/Dorothea_Lambert_Chambers,2005-01-01
188,"Bedford House, The AvenueActon Green W4 2PJ, ",John Lindley   ,https://en.wikipedia.org/wiki/John_Lindley,2005-01-01
189,"223 Pitshanger Lane, Brentham Garden EstateEaling W5 1RG, ",Fred Perry   ,https://en.wikipedia.org/wiki/Fred_Perry,2012-01-01
190,"32 Twyford AvenueActon W3 9QB, ",Richard Titmuss   ,https://en.wikipedia.org/wiki/Richard_Titmuss,2011-01-01
195,"145 Charlton RoadCharlton SE7 7EZ, ",William Henry Barlow   ,https://en.wikipedia.org/wiki/William_Henry_Barlow,1991-01-01
196,"6 Croom's HillGreenwich SE10 8HL, ",Cecil Day-Lewis   ,https://en.wikipedia.org/wiki/Cecil_Day-Lewis,1998-01-01
197,"6 Vanbrugh HillBlackheath SE3 7UF, ",Sir Frank Dyson   ,https://en.wikipedia.org/wiki/Frank_Dyson,1990-01-01
198,"4 Bennett ParkBlackheath SE3 9RB, ",Sir Arthur Eddington O. M.   ,https://en.wikipedia.org/wiki/Arthur_Eddington,1974-01-01
199,"47 Bennett ParkBlackheath SE3 9RA, ",GPO Film Unit,https://en.wikipedia.org/wiki/GPO_Film_Unit,2000-01-01
200,"15 Morden RoadBlackheath SE3 0AA, ",Charles Gounod   ,https://en.wikipedia.org/wiki/Charles_Gounod,1961-01-01
201,"4 Pond RoadBlackheath SE3 9JL, ",Nathaniel Hawthorne   ,https://en.wikipedia.org/wiki/Nathaniel_Hawthorne,1953-01-01
202,"59 Footscray RoadEltham SE9 2ST, ",Richard Jeffries   ,https://en.wikipedia.org/wiki/Richard_Jeffries,1986-01-01
203,"74 Shooters HillBlackheath SE3 7BG, ",William Lindley  and Sir William Heerlein Lindley ,https://en.wikipedia.org/wiki/William_Lindley,2015-01-01
204,"55 Archery RoadEltham SE9 1HF, ","Herbert Morrison, Baron Morrison of Lambeth   ",https://en.wikipedia.org/wiki/Herbert_Morrison,1977-01-01
205,"5 Bennett ParkBlackheath SE3 9RA, ",Donald McGill   ,https://en.wikipedia.org/wiki/Donald_McGill,1977-01-01
206,"Ranger's House, Chesterfield WalkBlackheath SE10 8QX, ","Philip Stanhope, 4th Earl of Chesterfield   ","https://en.wikipedia.org/wiki/Philip_Stanhope,_4th_Earl_of_Chesterfield",1937-01-01
207,"67 Charlton Church LaneCharlton SE7 7AB, ",Italo Svevo   ,https://en.wikipedia.org/wiki/Italo_Svevo,1999-01-01
208,"26 Croom's HillGreenwich SE10 8ER, ",Benjamin Waugh   ,https://en.wikipedia.org/wiki/Benjamin_Waugh,1984-01-01
209,"Macartney HouseGreenwich Park SE10 8HJ, ",General James Wolfe   ,https://en.wikipedia.org/wiki/James_Wolfe,1909-01-01
210,"Ranger's House, Chesterfield WalkBlackheath SE10 8QX, ","Garnet Wolseley, 1st Viscount Wolseley   ","https://en.wikipedia.org/wiki/Garnet_Wolseley,_1st_Viscount_Wolseley",1937-01-01
211,"95 Stoke Newington Church StreetStoke Newington N16 0AS, ",Daniel Defoe   ,https://en.wikipedia.org/wiki/Daniel_Defoe,1932-01-01
212,"41 Cassland RoadHackney E9 7AL, ",Maria Dickin   ,https://en.wikipedia.org/wiki/Maria_Dickin,2015-01-01
213,"56 Mortimer RoadDe Beauvoir Town N1 5AP, ",Philip Henry Gosse    and Sir Edmund Gosse   ,https://en.wikipedia.org/wiki/Philip_Henry_Gosse,1983-01-01
214,"50 Durley RoadStamford Hill N16 6JS, ",Ebenezer Howard   ,https://en.wikipedia.org/wiki/Ebenezer_Howard,1991-01-01
215,"55 Graham RoadHackney E8 1PB, ",Marie Lloyd   ,https://en.wikipedia.org/wiki/Marie_Lloyd,1977-01-01
216,"7–8 Ram PlaceHackney E9 6LT, ",Joseph Priestley   ,https://en.wikipedia.org/wiki/Joseph_Priestley,1985-01-01
217,"86–88 Curtain RoadShoreditch EC2A 3AA, ",Curtain Theatre,https://en.wikipedia.org/wiki/Curtain_Theatre,1920-01-01
218,"49 St Stephen's AvenueShepherd's Bush W12 8JB, ",Sri Aurobindo   ,https://en.wikipedia.org/wiki/Sri_Aurobindo,2007-01-01
219,"Temple Lodge, 51 Queen Caroline StreetHammersmith W6 9QL, ",Sir Frank Brangwyn   ,https://en.wikipedia.org/wiki/Frank_Brangwyn,1989-01-01
220,"15 Upper MallChiswick W6 9TA, ",Thomas James Cobden-Sanderson   ,https://en.wikipedia.org/wiki/Thomas_James_Cobden-Sanderson,1974-01-01
221,"7 Addison Bridge PlaceWest Kensington W14 8XP, ",Samuel Taylor Coleridge   ,https://en.wikipedia.org/wiki/Samuel_Taylor_Coleridge,1950-01-01
222,"32 Baron's Court RoadBarons Court W14 9DT, ",Sir Geoffrey De Havilland   ,https://en.wikipedia.org/wiki/Geoffrey_De_Havilland,2001-01-01
223,"11 Ravenscourt SquareHammersmith W6 0TW, ",Ouida   ,https://en.wikipedia.org/wiki/Ouida,1952-01-01
224,"9 Lower MallChiswick W6 9DJ, ",George Devine   ,https://en.wikipedia.org/wiki/George_Devine,1992-01-01
225,"51 Avonmore RoadWest Kensington W14 8RT, ",Sir Edward Elgar   ,https://en.wikipedia.org/wiki/Edward_Elgar,1962-01-01
226,"20 Baron's Court RoadBarons Court W14 9DT, ",Mahatma Gandhi   ,https://en.wikipedia.org/wiki/Mahatma_Gandhi,1986-01-01
227,"53 Talgarth RoadBarons Court W14 9DD, ",Marcus Garvey   ,https://en.wikipedia.org/wiki/Marcus_Garvey,2005-01-01
228,"70 Edith RoadWest Kensington W14 9AR, ",Sir Eugene Goossens   ,https://en.wikipedia.org/wiki/Eugene_Aynsley_Goossens,1999-01-01
229,"69 Gunterstone RoadWest Kensington W14 9BS, ",Sir Henry Rider Haggard   ,https://en.wikipedia.org/wiki/H._Rider_Haggard,1977-01-01
230,"12 Hammersmith TerraceChiswick W6 9TS, ",Sir Alan Herbert  A. P .H.    ,https://en.wikipedia.org/wiki/A._P._Herbert,1993-01-01
231,"St Paul's Girls' SchoolBrook Green W6 7BS, ",Gustav Holst   ,https://en.wikipedia.org/wiki/Gustav_Holst,2004-01-01
232,"3 Hammersmith TerraceChiswick W6 9TS, ",Edward Johnston   ,https://en.wikipedia.org/wiki/Edward_Johnston,1977-01-01
233,"5 Addison Bridge PlaceWest Kensington W14 8XP, ",Harold Laski   ,https://en.wikipedia.org/wiki/Harold_Laski,1974-01-01
234,"11a Palace Mansions, Hammersmith RoadWest Kensington W14 8QN, ",Sir Joseph Lyons    ,https://en.wikipedia.org/wiki/Joseph_Lyons_(caterer),2016-01-01
235,"48 Upper MallChiswick W6 9TA, ",Eric Ravilious   ,https://en.wikipedia.org/wiki/Eric_Ravilious,1991-01-01
236,"56 Brook GreenBrook Green W6 7BJ, ",Sir Frank Short   ,https://en.wikipedia.org/wiki/Frank_Short,1951-01-01
237,"84 Brook Green RoadBrook Green W6 7BS, ",Silver StudioArthur Silver    Harry Silver    Rex Silver    ,https://en.wikipedia.org/wiki/Silver_Studio,1981-01-01
238,"Emery Walker house, 7 Hammersmith TerraceChiswick W6 9TS, ",Sir Emery Walker   ,https://en.wikipedia.org/wiki/Emery_Walker,1959-01-01
239,"19 Ravenscourt RoadHammersmith W6 0UH, ",Christopher Whitworth Whall   ,https://en.wikipedia.org/wiki/Christopher_Whitworth_Whall,1983-01-01
240,"73 Lancaster RoadStroud Green N4 4PL, ",Laurie Cunningham   ,https://en.wikipedia.org/wiki/Laurie_Cunningham,2016-01-01
241,"16 Bishopswood RoadHighgate N6 4NY, ",A.V.Hill   ,https://en.wikipedia.org/wiki/Archibald_Hill,2015-01-01
242,"17 North RoadHighgate N6 4BD, ",A. E. Housman   ,https://en.wikipedia.org/wiki/A._E._Housman,1969-01-01
243,"7 Bruce GroveTottenham N17 6RA, ",Luke Howard   ,https://en.wikipedia.org/wiki/Luke_Howard,2002-01-01
244,"Alexandra PalaceWood Green N22 7AY, ",BBC Television,https://en.wikipedia.org/wiki/BBC_Television,1977-01-01
245,"22 Southwood LaneHighgate N6 5EE, ",Mary Kingsley   ,https://en.wikipedia.org/wiki/Mary_Kingsley,1975-01-01
246,"10 Haslemere RoadCrouch End N8 9QX, ",Frank Matcham   ,https://en.wikipedia.org/wiki/Frank_Matcham,2007-01-01
247,"30 Langdon Park RoadHighgate N6 5QG, ",V. K. Krishna Menon   ,https://en.wikipedia.org/wiki/V._K._Krishna_Menon,2013-01-01
248,"65 Cromwell Avenue Highgate N6 5HS, ",Vinayak Damodar Savarkar   ,https://en.wikipedia.org/wiki/Vinayak_Damodar_Savarkar,1985-01-01
249,"50 Southwood LaneHighgate N6 9TS, ",Arthur Waley   ,https://en.wikipedia.org/wiki/Arthur_Waley,1995-01-01
264,"21–23 Chiswell StreetMoorgate EC1Y 4SD, ",William Caslon   ,https://en.wikipedia.org/wiki/William_Caslon,1958-01-01
265,"25 Highbury PlaceHighbury N5 1QP, ",Joseph Chamberlain   ,https://en.wikipedia.org/wiki/Joseph_Chamberlain,1915-01-01
266,"32 Charlton PlaceIslington N1 8AJ, ",Caroline Chisholm   ,https://en.wikipedia.org/wiki/Caroline_Chisholm,1983-01-01
267,"10–11 Islington GreenIslington N1 2XH, ",Collins' Music Hall,https://en.wikipedia.org/w/index.php?title=Collins%27_Music_Hall&action=edit&redlink=1,1986-01-01
268,"19 Wharton StreetIslington WC1X 9PT, ",Amelia Edwards   ,https://en.wikipedia.org/wiki/Amelia_Edwards,1926-01-01
269,"72A Upper StreetIslington N1 0NY, ",Dame Gracie Fields   ,https://en.wikipedia.org/wiki/Gracie_Fields,2011-01-01
270,"124 Highbury New ParkHighbury N5 2DR, ",David Gestetner   ,https://en.wikipedia.org/wiki/David_Gestetner,2011-01-01
271,"56 Exmouth MarketClerkenwell EC1R 4QE, ",Joseph Grimaldi   ,https://en.wikipedia.org/wiki/Joseph_Grimaldi,1989-01-01
272,"8 Sekforde StreetClerkenwell EC1R 0HD, ",John Groom   ,https://en.wikipedia.org/w/index.php?title=John_Groom_(philanthropist)&action=edit&redlink=1,1997-01-01
273,"4 Claremont SquareIslington N1 9LY, ",Edward Irving   ,https://en.wikipedia.org/wiki/Edward_Irving,1982-01-01
274,"64 Duncan TerraceIslington N1 8AG, ",Charles Lamb   ,https://en.wikipedia.org/wiki/Charles_Lamb,1907-01-01
275,"136 Englefield RoadDe Beauvoir Town N1 3LQ, ",George Leybourne   ,https://en.wikipedia.org/wiki/George_Leybourne,2013-01-01
276,"3 Hungerford RoadHolloway N7 9LA, ",Lilian Lindsay   ,https://en.wikipedia.org/wiki/Lilian_Lindsay,2013-01-01
277,"52 Canonbury Park SouthIslington N1 2JG, ",Louis Macneice   ,https://en.wikipedia.org/wiki/Louis_Macneice,1996-01-01
278,"8 Canonbury SquareIslington N1 2AU, ",Samuel Phelps   ,https://en.wikipedia.org/wiki/Samuel_Phelps,1911-01-01
279,"26 Batchelor StreetIslington N1 0EG, ",Thomas Hosmer Shepherd   ,https://en.wikipedia.org/wiki/Thomas_Hosmer_Shepherd,1976-01-01
280,"1 Canonbury PlaceCanonbury N1 2NG, ",Sir Basil Spence   ,https://en.wikipedia.org/wiki/Basil_Spence,2011-01-01
281,"47 City RoadIslington EC1Y 1AU, ",John Wesley   ,https://en.wikipedia.org/wiki/John_Wesley,1926-01-01
282,"58 Cranes ParkSurbiton KT5 8AS, ",Alfred Bestall   ,https://en.wikipedia.org/wiki/Alfred_Bestall,2006-01-01
283,"207 Hook RoadChessington KT9 1EA, ",Enid Blyton   ,https://en.wikipedia.org/wiki/Enid_Blyton,2007-01-01
284,"Canbury School, Kingston HillKingston upon Thames KT2 7LN, ",Sir Malcolm Campbell    and Donald Campbell   ,https://en.wikipedia.org/wiki/Malcolm_Campbell,2010-01-01
285,"Hollyfield Road, Surbiton KT5 9AL, ",The former works of the Cooper Car Company,https://en.wikipedia.org/wiki/Cooper_Car_Company,2018-01-01
286,"Coombe House, Devey Close, (off Beverley Lane)Coombe KT2 7DT, ",Dame Nelly Melba   ,https://en.wikipedia.org/wiki/Nelly_Melba,2000-01-01
287,"The Elms, Clapham Common NorthsideClapham SW4 9SP, ",Sir Charles Barry   ,https://en.wikipedia.org/wiki/Charles_Barry,1950-01-01
288,"13 Pendennis RoadStreatham SW16 2SS, ",Sir Arnold Bax   ,https://en.wikipedia.org/wiki/Arnold_Bax,1993-01-01
289,"27 Stockwell Park RoadStockwell SW9 0AP, ",Lilian Baylis   ,https://en.wikipedia.org/wiki/Lilian_Baylis,1974-01-01
290,"43 Old TownClapham SW4 0JL, ",John Francis Bentley   ,https://en.wikipedia.org/wiki/John_Francis_Bentley,1950-01-01
291,"100 Lambeth RoadLambeth SE1 7PT, ",William Bligh   ,https://en.wikipedia.org/wiki/William_Bligh,1952-01-01
292,"15 Glenshaw Mansions, Brixton Road, Kennington SW9 0DS, ",Charlie Chaplin   ,https://en.wikipedia.org/wiki/Charlie_Chaplin,1951-01-01
293,"London County HallSouth Bank SE1 7PB, ",London County Hall,https://en.wikipedia.org/wiki/London_County_Hall,1986-01-01
294,"34 Foxley RoadCamberwell SW9 6ES, ",David Cox   ,https://en.wikipedia.org/wiki/David_Cox_(artist),1951-01-01
295,"14 Dover Mansions, Canterbury CrescentBrixton SW9 7QF, ",Henry Havelock Ellis   ,https://en.wikipedia.org/wiki/Henry_Havelock_Ellis,1981-01-01
296,"14 Clapham Common NorthsideClapham SW4 0RF, ",Graham Greene   ,https://en.wikipedia.org/wiki/Graham_Greene,2011-01-01
297,"160 Lambeth RoadLambeth SE1 7DF, ",Sir Phillip Ben Greet   ,https://en.wikipedia.org/wiki/Ben_Greet,1961-01-01
298,"47 Clapham Common NorthsideClapham SW4 0AA, ",Edvard Grieg   ,https://en.wikipedia.org/wiki/Edvard_Grieg,2004-01-01
299,"13 Rodenhurst RoadClapham SW4 8AE, ",Arthur Henderson   ,https://en.wikipedia.org/wiki/Arthur_Henderson,1980-01-01
300,"17 Englewood RoadClapham SW12 9PA, ",Sir Jack Hobbs   ,https://en.wikipedia.org/wiki/Jack_Hobbs,1986-01-01
301,"London County HallSouth Bank SE1 7PB, ",Inner London Education Authority,https://en.wikipedia.org/wiki/Inner_London_Education_Authority,1986-01-01
302,"165 Railton RoadBrixton SE24 0JX, ",C. L. R. James   ,https://en.wikipedia.org/wiki/C._L._R._James,2004-01-01
303,"14 Highland Road, Upper Norwood SE19 1DP, ",Dan Leno   ,https://en.wikipedia.org/wiki/Dan_Leno,1962-01-01
304,"56 Akerman RoadCamberwell SW9 6SN, ",Margaret Lockwood   ,https://en.wikipedia.org/wiki/Margaret_Lockwood,2018-01-01
305,"5 The PavementClapham SW4 0JD, ","Zachary Macaulay    and Thomas Babington Macaulay, 1st Baron Macaulay   ",https://en.wikipedia.org/wiki/Zachary_Macaulay,1930-01-01
306,"27 Lanercost RoadTulse Hill SW2 4DP, ",Arthur Mee   ,https://en.wikipedia.org/wiki/Arthur_Mee,1991-01-01
307,"Oval House, 52–54 KenningtonKennington Oval SE11 5SW, ","Bernard Montgomery, 1st Viscount Montgomery of Alamein   ","https://en.wikipedia.org/wiki/Bernard_Montgomery,_1st_Viscount_Montgomery_of_Alamein",1987-01-01
308,"26 Herne HillHerne Hill SE24 9QS, ",John Ruskin   ,https://en.wikipedia.org/wiki/John_Ruskin,1926-01-01
309,"81 The ChaseClapham SW4 0NR, ",Natsume Sōseki   ,https://en.wikipedia.org/wiki/Natsume_S%C5%8Dseki,2002-01-01
310,"18 Burnley RoadStockwell SW9 0SJ, ",Violette Szabo   ,https://en.wikipedia.org/wiki/Violette_Szabo,1981-01-01
311,"87 Hackford RoadSouth Lambeth SW9 0RE, ",Vincent Van Gogh   ,https://en.wikipedia.org/wiki/Vincent_Van_Gogh,1973-01-01
312,"Holy Trinity Church, Clapham CommonClapham SW4 0QZ, ",William Wilberforce   ,https://en.wikipedia.org/wiki/William_Wilberforce,1984-01-01
313,"9 Gilmore RoadLee SE13 5AD, ",James Elroy Flecker   ,https://en.wikipedia.org/wiki/James_Elroy_Flecker,1986-01-01
314,"20 Dartmouth HillBlackheath SE10 8AJ, ",James Glaisher   ,https://en.wikipedia.org/wiki/James_Glaisher,1974-01-01
315,"12 Westwood HillSydenham SE26 6QR, ",Sir George Grove   ,https://en.wikipedia.org/wiki/George_Grove,2016-01-01
316,"Horniman Museum, London RoadForest Hill SE23 3PQ, ",Frederick John Horniman   ,https://en.wikipedia.org/wiki/Frederick_John_Horniman,1985-01-01
317,"7 Jews WalkSydenham SE26 6PJ, ",Eleanor Marx   ,https://en.wikipedia.org/wiki/Eleanor_Marx,2008-01-01
318,"2 Eliot PlaceBlackheath SE3 0QL, ",Sir James Clark Ross   ,https://en.wikipedia.org/wiki/James_Clark_Ross,1960-01-01
319,"12 Westwood HillSydenham SE26 6QR, ",Sir Ernest Shackleton   ,https://en.wikipedia.org/wiki/Ernest_Shackleton,1928-01-01
320,"11 Granville ParkLewisham SE13 7DY, ",Samuel Smiles   ,https://en.wikipedia.org/wiki/Samuel_Smiles,1959-01-01
321,"233 New Cross RoadNew Cross Gate SE14 5UH, ",John Tallis   ,https://en.wikipedia.org/wiki/John_Tallis,1978-01-01
322,"13 Handen RoadLee SE12 8NP, ",Sir Stanley Unwin   ,https://en.wikipedia.org/wiki/Stanley_Unwin_(publisher),1984-01-01
323,"6 Tressillian CrescentLewisham SE4 1QJ, ",Edgar Wallace   ,https://en.wikipedia.org/wiki/Edgar_Wallace,1960-01-01
338,"Hampton Branch Library, Rose HillHampton TW12 2AB, ",John Beard    and William Ewart   ,https://en.wikipedia.org/wiki/John_Beard_(tenor),1992-01-01
339,"Wilderness House, Moat Lane, Hampton Court PalaceHampton Court KT8 9AR, ",Lancelot 'Capability' Brown   ,https://en.wikipedia.org/wiki/Capability_Brown,2011-01-01
340,"5 Montague RoadRichmond TW3 1LB, ",Sir Edwin Chadwick   ,https://en.wikipedia.org/wiki/Edwin_Chadwick,1992-01-01
341,"131 Waldegrave RoadTeddington TW11 8BB, ",Sir Noël Coward   ,https://en.wikipedia.org/wiki/No%C3%ABl_Coward,1995-01-01
342,"South End House, Montpelier RowTwickenham TW1 2NQ, ",Walter de la Mare   ,https://en.wikipedia.org/wiki/Walter_de_la_Mare,1995-01-01
343,"14 The TerraceBarnes SW13 0NP, ",Dame Ninette de Valois   ,https://en.wikipedia.org/wiki/Ninette_de_Valois,2006-01-01
344,"Cedar Court, Sheen LaneEast Sheen SW14 8LY, ",Richard Dimbleby   ,https://en.wikipedia.org/wiki/Richard_Dimbleby,2013-01-01
345,"Milbourne House, Barnes GreenBarnes SW13 0LW, ",Henry Fielding   ,https://en.wikipedia.org/wiki/Henry_Fielding,1978-01-01
346,"Garrick's Villa, Hampton Court RoadTW12 2EJ, ",David Garrick   ,https://en.wikipedia.org/wiki/David_Garrick,1970-01-01
347,"55 York AvenueEast Sheen SW14 7LQ, ",Kathleen Godfree   ,https://en.wikipedia.org/wiki/Kathleen_McKane_Godfree,2006-01-01
348,"3 St Mary's GroveBarnes SW13 0JA, ",James Henry Greathead   ,https://en.wikipedia.org/wiki/James_Henry_Greathead,2000-01-01
349,"49 Kew GreenKew TW9 3AA, ",Sir William Hooker    and Sir Joseph Hooker   ,https://en.wikipedia.org/wiki/William_Jackson_Hooker,2010-01-01
350,"13 Beverley CloseBarnes SW13 0EH, ",Herbert Howells   ,https://en.wikipedia.org/wiki/Herbert_Howells,2011-01-01
351,"Eastside House, 22 Kew GreenKew TW9 3BH, ",Arthur Hughes   ,https://en.wikipedia.org/wiki/Arthur_Hughes_(artist),1993-01-01
352,"46 Richmond HillRichmond TW10 4QX, ",Dame Celia Johnson   ,https://en.wikipedia.org/wiki/Celia_Johnson,2008-01-01
353,"St James independent school for Boys, Pope's Villa, 19 Cross DeepTwickenham TW1 4QG, ",Henry Labouchere   ,https://en.wikipedia.org/wiki/Henry_Labouchere,2000-01-01
354,"Grey Court, Ham StreetHam TW10 7HN, ",Cardinal Newman   ,https://en.wikipedia.org/wiki/John_Henry_Newman,1981-01-01
355,"Clarence House, 2 The VineyardRichmond TW10 6AQ, ",Bernardo O'Higgins   ,https://en.wikipedia.org/wiki/Bernardo_O%27Higgins,1994-01-01
356,"39 Westmoreland RoadBarnes SW13 9RZ, ",Kurt Schwitters   ,https://en.wikipedia.org/wiki/Kurt_Schwitters,1984-01-01
357,"The Royal Hospital, Kew Foot RoadRichmond TW9 2TE, ",James Thomson   ,https://en.wikipedia.org/wiki/James_Thomson_(poet),2005-01-01
358,"Sandycombe Lodge, 40 Sandycombe RoadTwickenham TW1 2LR, ",J.M.W. Turner R.A.   ,https://en.wikipedia.org/wiki/J._M._W._Turner,1977-01-01
359,"287 Sheen LaneEast Sheen SW14 8RN,, ",Sir Robert Watson-Watt   ,https://en.wikipedia.org/wiki/Robert_Watson-Watt,2017-01-01
360,"82 Waldegrave RoadTeddington TW11 8NY, ",Edward Whymper   ,https://en.wikipedia.org/wiki/Edward_Whymper,2011-01-01
361,"Hogarth House, 34 Paradise RoadRichmond TW9 1SE, ",Leonard Woolf    and Virginia Woolf   ,https://en.wikipedia.org/wiki/Leonard_Woolf,1976-01-01
362,"The Old Court House, Hampton Court GreenEast Molesey KT8 9BS51°24′19″N 0°20′32″W﻿ / ﻿51.4052492°N 0.3421341°W﻿ / 51.4052492; -0.3421341, ",Sir Christopher Wren   ,https://en.wikipedia.org/wiki/Christopher_Wren,1996-01-01
363,"3 Crescent Wood RoadSydenham SE26 6RT, ",John Logie Baird   ,https://en.wikipedia.org/wiki/John_Logie_Baird,1977-01-01
364,"39 Colby RoadGipsy Hill SE19 1HA, ",Annie Besant   ,https://en.wikipedia.org/wiki/Annie_Besant,1963-01-01
365,"188 Camberwell GroveDenmark Hill SE5 8RJ, ",Joseph Chamberlain   ,https://en.wikipedia.org/wiki/Joseph_Chamberlain,1920-01-01
366,"78 Denman RoadPeckham SE15 5NR, ",Sir Alan Cobham   ,https://en.wikipedia.org/wiki/Alan_Cobham,2003-01-01
367,"47 Crystal Palace RoadEast Dulwich SE22 9EX, ",Henry Cotton   ,https://en.wikipedia.org/wiki/Henry_Cotton_(golfer),2017-01-01
368,"153a East StreetWalworth SE17 2SD, ",Dr. Charles Vickery Drysdale   ,https://en.wikipedia.org/wiki/Charles_Vickery_Drysdale,1988-01-01
369,"58 Underhill RoadEast Dulwich SE22 0QT, ",C. S. Forester   ,https://en.wikipedia.org/wiki/C._S._Forester,1990-01-01
370,"45 Farquhar RoadUpper Norwood SE19 1SS, ",Leslie Howard   ,https://en.wikipedia.org/wiki/Leslie_Howard_(actor),2013-01-01
371,"36 Forest Hill RoadPeckham Rye SE22 0RR, ",Boris Karloff   ,https://en.wikipedia.org/wiki/Boris_Karloff,1998-01-01
372,"164 Queens RoadPeckham SE15 2HP, ",Dr. Harold Moody   ,https://en.wikipedia.org/wiki/Harold_Moody_(physician),1995-01-01
373,"84 Burbage RoadHerne Hill SE24 9HE, ",Scipio Africanus Mussabini   ,https://en.wikipedia.org/wiki/Sam_Mussabini,2012-01-01
374,"131 St George's RoadSouthwark SE1 6HY, ",George Myers   ,https://en.wikipedia.org/wiki/George_Myers_(builder),1999-01-01
375,"5 Colyton RoadPeckham Rye SE22 0NE, ",Percy Lane Oliver   ,https://en.wikipedia.org/w/index.php?title=Percy_Lane_Oliver&action=edit&redlink=1,1979-01-01
376,"42 Queen's RoadPeckham SE15 2HP, ",Dr. Innes Pearse and Dr George Scott Williamson       ,https://en.wikipedia.org/wiki/The_Peckham_Experiment,2013-01-01
377,"51 Herne HillHerne Hill SE24 9NE, ",Sax Rohmer   ,https://en.wikipedia.org/wiki/Sax_Rohmer,1985-01-01
378,"Winchester House, 94 Southwark Bridge RoadBorough SE1 0EG, ",Sir Eyre Massey Shaw   ,https://en.wikipedia.org/wiki/Sir_Eyre_Massey_Shaw,2000-01-01
379,"Fountain House, 17 Sydenham HillSydenham SE26 6SH, ",Sir Francis Pettit Smith   ,https://en.wikipedia.org/wiki/Francis_Pettit_Smith,2007-01-01
381,"58 Solent House, Ben Jonson RoadStepney E1 3NN, ",Dr. Barnardo   ,https://en.wikipedia.org/wiki/Thomas_John_Barnardo,1953-01-01
382,"32 Bow RoadBow E3 4LN, ",Thomas Barnardo   ,https://en.wikipedia.org/wiki/Thomas_John_Barnardo,2016-01-01
383,"The Directors' House, Old Truman Brewery, 91 Brick LaneShoreditch E1, ",Sir Thomas Fowell Buxton   ,https://en.wikipedia.org/wiki/Sir_Thomas_Fowell_Buxton,2007-01-01
384,"London Hospital, Whitechapel RoadWhitechapel E1 1BB, ",Edith Cavell   ,https://en.wikipedia.org/wiki/Edith_Cavell,1988-01-01
385,"43 Trinity SquareTower Hill EC3N 4DJ, ",Reverend P. T. B. 'Tubby' Clayton   ,https://en.wikipedia.org/wiki/Tubby_Clayton,1995-01-01
386,"91 Ashfield StreetWhitechapel E1 2HA, ",Sir Jack Cohen   ,https://en.wikipedia.org/wiki/Jack_Cohen_(businessman),2009-01-01
387,"88 Mile End RoadMile End E1 4UN, ",Captain James Cook   ,https://en.wikipedia.org/wiki/James_Cook,1970-01-01
388,"12 Hanbury StreetSpitalfields E1 6QR, ",Bud Flanagan   ,https://en.wikipedia.org/wiki/Bud_Flanagan,1996-01-01
389,"Railway Bridge, Grove RoadBow E3, ",Flying Bomb   ,https://en.wikipedia.org/wiki/V-1_flying_bomb,1988-01-01
390,"Kingsley Hall, Powis RoadBromley by Bow E3 3HJ, ",Mahatma Gandhi   ,https://en.wikipedia.org/wiki/Mahatma_Gandhi,1954-01-01
391,"2 Princelet StreetSpitalfields E1 6QH, ",Anna Maria Garthwaite   ,https://en.wikipedia.org/wiki/Anna_Maria_Garthwaite,1998-01-01
392,"32 Elder StreetSpitalfields E1 6BT, ",Mark Gertler   ,https://en.wikipedia.org/wiki/Mark_Gertler_(artist),2000-01-01
393,"Burrells Wharf, 262 Westferry Road, Isle of Dogs, London E14 3TP, ",SS Great Eastern   ,https://en.wikipedia.org/wiki/SS_Great_Eastern,1954-01-01
394,"St Philip's Vicarage, Newark StreetWhitechapel E1 2AA, ",John Richard Green   ,https://en.wikipedia.org/wiki/John_Richard_Green,1910-01-01
395,"Royal Foundation of St Katherine, 2 Butcher RowLimehouse E14 8DS, ",The Reverend St. John Groser   ,https://en.wikipedia.org/wiki/John_Groser,1990-01-01
396,"71 Vallance RoadBethnal Green E2 5BS, ",Mary Hughes   ,https://en.wikipedia.org/wiki/Mary_Hughes,1961-01-01
397,"Toynbee Hall, Commercial StreetWhitechapel E1 6LS, ",Dr. Jimmy Mallon C. H.   ,https://en.wikipedia.org/wiki/James_Joseph_Mallon,1984-01-01
398,"King Edward Memorial Park, The Highway, Shadwell, London E1, ",Ratcliff Cross,https://en.wikipedia.org/wiki/Ratcliff_Cross,1922-01-01
399,"Whitechapel Library, 77 High StreetWhitechapel E1 7QX, ",Isaac Rosenberg   ,https://en.wikipedia.org/wiki/Isaac_Rosenberg,1987-01-01
400,"Clergy House, Wapping LaneShadwell E1W 2RW, ",Lincoln Stanhope Wainwright   ,https://en.wikipedia.org/w/index.php?title=Lincoln_Stanhope_Wainwright&action=edit&redlink=1,1961-01-01
401,"288 Old Ford RoadOld Ford E3 5SP, ",Israel Zangwill   ,https://en.wikipedia.org/wiki/Israel_Zangwill,1965-01-01
406,"55 Brynmaer RoadBattersea SW11 4EN, ",John Richard Archer   ,https://en.wikipedia.org/wiki/John_Richard_Archer,2013-01-01
407,"40 Nightingale LaneClapham SW12 8TF, ",H. M. Bateman   ,https://en.wikipedia.org/wiki/H._M._Bateman,1997-01-01
408,"26 Gwendolen AvenuePutney SW15 6EH, ",Edvard Beneš   ,https://en.wikipedia.org/wiki/Edvard_Bene%C5%A1,1978-01-01
409,"110 Clapham Common NorthsideClapham SW4 0JL, ",John Burns   ,https://en.wikipedia.org/wiki/John_Burns,1950-01-01
410,"63 Albany Mansions, Albert Bridge RoadBattersea SW11 4QA, ",Norman Douglas   ,https://en.wikipedia.org/wiki/Norman_Douglas,1980-01-01
411,"3 Thurleigh AvenueBalham SW12 8AN, ",Gus Elen   ,https://en.wikipedia.org/wiki/Gus_Elen,1979-01-01
412,"Holly Lodge, 31 Wimbledon Park RoadWimbledon SW18 5SJ, ",George Eliot   ,https://en.wikipedia.org/wiki/George_Eliot,1905-01-01
413,"25 Winthorpe RoadPutney SW15 2LW, ",Henri Gaudier-Brzeska   ,https://en.wikipedia.org/wiki/Henri_Gaudier-Brzeska,2017-01-01
414,"172 Trinity RoadTooting SW17 7HT, ",Thomas Hardy   ,https://en.wikipedia.org/wiki/Thomas_Hardy,1962-01-01
415,"33 Lavender GardensClapham SW11 1DJ, ",G. A. Henty   ,https://en.wikipedia.org/wiki/G._A._Henty,1953-01-01
416,"Gatepost at Manresa House, Holybourne AvenueRoehampton SW15 4JD, ",Gerard Manley Hopkins   ,https://en.wikipedia.org/wiki/Gerard_Manley_Hopkins,1979-01-01
417,"67 Albert Bridge RoadBattersea SW11 4QE, ",Charles Sargeant Jagger   ,https://en.wikipedia.org/wiki/Charles_Sargeant_Jagger,2000-01-01
418,"24 Sugden RoadClapham SW11 5EF, ",Fred Knee   ,https://en.wikipedia.org/wiki/Fred_Knee,1986-01-01
419,"46 Longley RoadTooting SW17 9LL, ",Sir Harry Lauder   ,https://en.wikipedia.org/wiki/Harry_Lauder,1969-01-01
420,"Nightingale House, Nightingale LaneBalham SW12 8NB, ","Ted ""Kid"" Lewis   ",https://en.wikipedia.org/wiki/Ted_%22Kid%22_Lewis,2003-01-01
421,"3 Routh RoadWandsworth Common, Wandsworth SW18 3SW, ",Earl Lloyd-George of Dwyfor   ,https://en.wikipedia.org/wiki/David_Lloyd_George,2004-01-01
422,"14 Lyford Road, Wandsworth SW18 3LG, ",Sir Kenneth MacMillan   ,https://en.wikipedia.org/wiki/Kenneth_MacMillan,2004-01-01
423,"49 Overstrand Mansions, Prince of Wales DriveBattersea SW11 4EZ, ",Seán O'Casey   ,https://en.wikipedia.org/wiki/Se%C3%A1n_O%27Casey,1993-01-01
424,"71 Kenilworth Court, Lower Richmond RoadPutney SW15 1EN, ",Fred Russell   ,https://en.wikipedia.org/wiki/Fred_Russell_(ventriloquist),2009-01-01
425,"Fairlawn, 89 Wimbledon ParksideWimbledon SW19 5LR, ",Sir Edwin Saunders   ,https://en.wikipedia.org/wiki/Edwin_Saunders,1997-01-01
426,"Arch 75, Queen's CircusBattersea Park SW8 4ND, ",Short BrothersEustace Short    Horace Short    Oswald Short    ,https://en.wikipedia.org/wiki/Short_Brothers,2013-01-01
427,"99 Nightingale LaneBalham SW12 8LZ, ",Charles Haddon Spurgeon   ,https://en.wikipedia.org/wiki/Charles_Haddon_Spurgeon,1914-01-01
428,"The Pines, 11 Putney HillPutney SW15 6BA, ",Algernon Charles Swinburne    and Theodore Watts-Dunton   ,https://en.wikipedia.org/wiki/Algernon_Charles_Swinburne,1926-01-01
429,"61 Shelgate RoadClapham SW11 1BA, ",Edward Thomas   ,https://en.wikipedia.org/wiki/Edward_Thomas_(poet),1949-01-01
430,"113 Clapham Common NorthsideClapham SW4 9SN, ",John Walter   ,https://en.wikipedia.org/wiki/John_Walter_(publisher),1977-01-01
431,"111 Broomwood RoadBattersea SW11 6JTJ, ",William Wilberforce   ,https://en.wikipedia.org/wiki/William_Wilberforce,1906-01-01
432,"Battersea Vicarage, 42 Vicarage CrescentBattersea SW11 3LD, ",Edward Adrian Wilson   ,https://en.wikipedia.org/wiki/Edward_Adrian_Wilson,1935-01-01
720,"9 Elsworthy Terrace,Primrose Hill NW3 3DR, ",Agnes Arber née Robertson   ,https://en.wikipedia.org/wiki/Agnes_Arber,2018-01-01
721,"""Bolton House"", Windmill HillHampstead NW3 6SJ, ",Joanna Baillie   ,https://en.wikipedia.org/wiki/Joanna_Baillie,1900-01-01
722,"Heath End House, Spaniards RoadHampstead NW3 7JE, ",Dame Henrietta Barnett    and Samuel Barnett   ,https://en.wikipedia.org/wiki/Henrietta_Barnett,1983-01-01
723,"58 Grafton WayFitzrovia W1T 5DL, ",Andrés Bello   ,https://en.wikipedia.org/wiki/Andr%C3%A9s_Bello,1996-01-01
724,"44 Albert StreetCamden NW1 7NU, ",John Desmond Bernal   ,https://en.wikipedia.org/wiki/John_Desmond_Bernal,2001-01-01
725,"18 Frognal GardensHampstead NW3 6XA, ",Sir Walter Besant   ,https://en.wikipedia.org/wiki/Walter_Besant,1925-01-01
726,"31 Highgate West HillHighgate N6 6NP, ",Sir John Betjeman   ,https://en.wikipedia.org/wiki/John_Betjeman,2006-01-01
727,"14 Adamson RoadBelsize Park NW3 3HR, ",Robert Polhill Bevan   ,https://en.wikipedia.org/wiki/Robert_Polhill_Bevan,1999-01-01
728,"East Heath Lodge, 1 East Heath RoadHampstead NW3 1BN, ",Arthur Bliss   ,https://en.wikipedia.org/wiki/Arthur_Bliss,1993-01-01
729,"10 Fordwych RoadWest Hampstead NW2 3TP, ",David Bomberg   ,https://en.wikipedia.org/wiki/David_Bomberg,1996-01-01
730,"78 Marlborough Mansions, Cannon HillWest Hampstead NW6 1JT, ",Sir Adrian Boult C. H.   ,https://en.wikipedia.org/wiki/Adrian_Boult,1998-01-01
731,"37 Belsize Park Gardens,Belsize Park NW3 4JH, ",Henry Noel Brailsford   ,https://en.wikipedia.org/wiki/Henry_Noel_Brailsford,1983-01-01
732,"37 FrognalHampstead, NW3 6YD, ",Dennis Brain   ,https://en.wikipedia.org/wiki/Dennis_Brain,1995-01-01
733,"58 Doughty StreetHolborn WC1N 2LS, ",Vera Brittain    and Winifred Holtby   ,https://en.wikipedia.org/wiki/Vera_Brittain,1995-01-01
734,"56 Fortess RoadKentish Town NW5 2HG, ",Ford Madox Brown   ,https://en.wikipedia.org/wiki/Ford_Madox_Brown,1976-01-01
735,"17 Red Lion SquareHolborn WC1R 4QH, ",Sir Edward Burne-Jones    and William Morris    and Dante Gabriel Rossetti   ,https://en.wikipedia.org/wiki/Edward_Burne-Jones,1911-01-01
736,"6 Lyndhurst RoadHampstead NW3 5PX, ",Richard Burton   ,https://en.wikipedia.org/wiki/Richard_Burton,2011-01-01
737,"Camden School for Girls, Sandall RoadKentish Town NW5 2DB, ",Frances Mary Buss   ,https://en.wikipedia.org/wiki/Frances_Mary_Buss,2000-01-01
738,"7 Harley RoadSwiss Cottage NW3 3BX, ",Dame Clara Butt   ,https://en.wikipedia.org/wiki/Clara_Butt,1969-01-01
739,"42 Bedford SquareBloomsbury WC1B 3HX, ",William Butterfield   ,https://en.wikipedia.org/wiki/William_Butterfield,1978-01-01
740,"46 Great Russell StreetBloomsbury WC1B 3PA, ",Randolph Caldecott   ,https://en.wikipedia.org/wiki/Randolph_Caldecott,1977-01-01
741,"33 Ampton StreetKing's Cross WC1X 0LT, ",Thomas Carlyle   ,https://en.wikipedia.org/wiki/Thomas_Carlyle,1907-01-01
742,"11 Bedford SquareBloomsbury WC1B 3RF, ",Henry Cavendish   ,https://en.wikipedia.org/wiki/Henry_Cavendish,1903-01-01
743,"21 Fitzroy SquareFitzrovia W1T 6EL, ","Robert Gascoyne-Cecil, 3rd Marquess of Salisbury   ","https://en.wikipedia.org/wiki/Robert_Gascoyne-Cecil,_3rd_Marquess_of_Salisbury",1965-01-01
744,"11 St Mark's CrescentPrimrose Hill NW1 7TS, ",Sir Arthur Hugh Clough   ,https://en.wikipedia.org/wiki/Arthur_Hugh_Clough,2009-01-01
745,"13 Chester TerraceRegent's Park NW1 4ND, ",C. R. Cockerell   ,https://en.wikipedia.org/wiki/Charles_Robert_Cockerell,1989-01-01
746,"40 Well WalkHampstead NW3 1BX, ",John Constable   ,https://en.wikipedia.org/wiki/John_Constable,1923-01-01
747,"293 Hampstead RoadCamden Town, NW1 3EA, ",George Cruikshank   ,https://en.wikipedia.org/wiki/George_Cruikshank,1885-01-01
748,"2 Dartmouth Park RoadKentish Town NW5 1SY, ",Richard D'Oyly Carte   ,https://en.wikipedia.org/wiki/Richard_D%27Oyly_Carte,2010-01-01
749,"Mount Vernon House, Mount VernonHampstead NW3 6QR, ",Sir Henry Dale   ,https://en.wikipedia.org/wiki/Henry_Hallett_Dale,1981-01-01
750,"91 Gower StreetBloomsbury WC1E 6AA, ",George Dance the Younger   ,https://en.wikipedia.org/wiki/George_Dance_the_Younger,1970-01-01
751,"91 Gower StreetBloomsbury NW1 0SY, ",William Daniell   ,https://en.wikipedia.org/wiki/William_Daniell,2000-01-01
752,"Biological Sciences Building, University College London, Gower StreetBloomsbury WC1E 6BT, ",Charles Darwin   ,https://en.wikipedia.org/wiki/Charles_Darwin,1961-01-01
753,"58 Grafton WayFitzrovia W1T 5DL, ",Francisco De Miranda   ,https://en.wikipedia.org/wiki/Francisco_De_Miranda,1996-01-01
754,"44 Belsize Park GardensBelsize Park NW3 4LY, ",Frederick Delius   ,https://en.wikipedia.org/wiki/Frederick_Delius,1999-01-01
755,"Flat 1 Ornan Court, Ornan RoadBelsize Park NW3 4PT, ",David Devant   ,https://en.wikipedia.org/wiki/David_Devant,2003-01-01
756,"48 Doughty Street (now the Charles Dickens Museum)Holborn WC1N 2LX, ",Charles Dickens   ,https://en.wikipedia.org/wiki/Charles_Dickens,1903-01-01
757,"22 Theobalds RoadHolborn WC1X 8NX, ","Benjamin Disraeli, Earl of Beaconsfield   ",https://en.wikipedia.org/wiki/Benjamin_Disraeli,1903-01-01
758,"91 Great Russell StreetBloomsbury WC1B 3PS, ",George du Maurier   ,https://en.wikipedia.org/wiki/George_du_Maurier,1960-01-01
759,"New Grove House, 28 Hampstead GroveHampstead NW3 6SP, ",George du Maurier   ,https://en.wikipedia.org/wiki/George_du_Maurier,1900-01-01
760,"Cannon Hall, 14 Cannon PlaceHampstead NW3 1EH, ",Sir Gerald du Maurier   ,https://en.wikipedia.org/wiki/Gerald_du_Maurier,1967-01-01
761,"119 High HolbornHolborn WC1V 6RD, ",Thomas Earnshaw   ,https://en.wikipedia.org/wiki/Thomas_Earnshaw,1948-01-01
762,"7 Fitzroy SquareFitzrovia W1T 5HL, ",Sir Charles Eastlake   ,https://en.wikipedia.org/wiki/Charles_Eastlake,1985-01-01
763,"51 Netherhall GardensHampstead NW3 5RJ, ",John Passmore Edwards   ,https://en.wikipedia.org/wiki/John_Passmore_Edwards,1988-01-01
764,"6 Bedford SquareBloomsbury WC1B 3RA, ",Lord Eldon   ,"https://en.wikipedia.org/wiki/John_Scott,_1st_Earl_of_Eldon",1954-01-01
765,"122 Regent's Park RoadPrimrose Hill NW1 8XL, ",Frederich Engels   ,https://en.wikipedia.org/wiki/Frederich_Engels,1972-01-01
766,"The White House, Osnaburgh StreetRegent's Park NW1 3UP, ",Fabian Society,https://en.wikipedia.org/wiki/Fabian_Society,1985-01-01
767,"2 Gower StreetBloomsbury WC1E 6DP, ",Millicent Garrett Fawcett   ,https://en.wikipedia.org/wiki/Millicent_Garrett_Fawcett,1954-01-01
768,"2 Albert TerracePrimrose Hill NW1 7SU, ",Roger Fenton   ,https://en.wikipedia.org/wiki/Roger_Fenton,1991-01-01
769,"97 FrognalHampstead NW3 6XT, ",Kathleen Ferrier   ,https://en.wikipedia.org/wiki/Kathleen_Ferrier,1979-01-01
770,"13 Lyme StreetCamden Town NW1 0EH, ",Ruth First    and Joe Slovo   ,https://en.wikipedia.org/wiki/Ruth_First,2003-01-01
771,"Inverforth House, North End WayHampstead NW3 7EU, ",Sir Ronald Aylmer Fisher   ,https://en.wikipedia.org/wiki/Ronald_Aylmer_Fisher,2002-01-01
772,"56 Fitzroy StreetFitzrovia W1T 5BU, ",Captain Matthew Flinders R. N.   ,https://en.wikipedia.org/wiki/Matthew_Flinders,1961-01-01
773,"6 St Augustine's RoadCamden Town NW1 9RN, ",Theodor Fontane   ,https://en.wikipedia.org/wiki/Theodor_Fontane,1974-01-01
774,"20 Maresfield Gardens (now the Freud Museum)Hampstead NW3 5SX, ",Anna Freud   ,https://en.wikipedia.org/wiki/Anna_Freud,2002-01-01
775,"20 Maresfield Gardens (now the Freud Museum)Hampstead NW3 5SX, ",Sigmund Freud   ,https://en.wikipedia.org/wiki/Sigmund_Freud,2002-01-01
776,"33 Fitzroy SquareFitzrovia W1P 6AY, ",Roger Fry   ,https://en.wikipedia.org/wiki/Roger_Fry,2010-01-01
777,"18 Frognal GardensHampstead NW3 6XA, ",Hugh Gaitskell   ,https://en.wikipedia.org/wiki/Hugh_Gaitskell,1986-01-01
778,"Grove Lodge, Admiral's WalkHampstead NW3 6RS, ",John Galsworthy   ,https://en.wikipedia.org/wiki/John_Galsworthy,1950-01-01
779,"71 FrognalHampstead NW3 6XY, ",Sir Harold Gillies   ,https://en.wikipedia.org/wiki/Harold_Gillies,1997-01-01
780,"19 Briardale GardensHampstead NW3 7PN, ",E H Gombrich   ,https://en.wikipedia.org/wiki/Ernst_Gombrich,2015-01-01
781,"31 Mornington CrescentCamden NW1 7RE, ",Spencer Frederick Gore   ,https://en.wikipedia.org/wiki/Spencer_Gore_(artist),2017-01-01
782,"39 FrognalHampstead NW3 6YD, ",Kate Greenaway   ,https://en.wikipedia.org/wiki/Kate_Greenaway,1949-01-01
783,"Platform 8, King's Cross stationKing's Cross N1 9AG, ",Sir Nigel Gresley   ,https://en.wikipedia.org/wiki/Nigel_Gresley,1997-01-01
784,"Lawn Road Flats, Hampstead, London NW3 2XD, ",Walter Gropius   Marcel Breuer   László Moholy-Nagy ,https://en.wikipedia.org/wiki/Walter_Gropius,2018-01-01
785,"'Hollycot', Vale of HealthHampstead NW3 1BB, ",Barbara Hammond    and J. L. Hammond   ,https://en.wikipedia.org/wiki/Barbara_Hammond,1972-01-01
786,"31 Pandora RoadWest Hampstead NW6 1TS, ","Alfred Harmsworth, 1st Viscount Northcliffe   ","https://en.wikipedia.org/wiki/Alfred_Harmsworth,_1st_Viscount_Northcliffe",1979-01-01
787,"Summit House, Red Lion SquareBloomsbury WC1R 4QD, ",John Harrison   ,https://en.wikipedia.org/wiki/John_Harrison,1954-01-01
788,"41 Bedford SquareBloomsbury,  WC1B 3HX, ",Sir Anthony Hope Hawkins Anthony Hope    ,https://en.wikipedia.org/wiki/Anthony_Hope_Hawkins,1976-01-01
789,"47 Downshire HillHampstead NW3 1NX, ",John Heartfield   ,https://en.wikipedia.org/wiki/John_Heartfield,2004-01-01
790,"Dr Williams's Library, 14 Gordon SquareBloomsbury WC1H 0AG, ",Robert Travers Herford   ,https://en.wikipedia.org/wiki/R._Travers_Herford,1990-01-01
791,"Royal Free Hospital, Pond StreetHampstead NW3 2QG, ","Sir Rowland Hill, K. C. B.   ",https://en.wikipedia.org/wiki/Rowland_Hill_(postal_reformer),1893-01-01
792,"35 Bedford SquareBloomsbury WC1B 3ES, ",Thomas Hodgkin   ,https://en.wikipedia.org/wiki/Thomas_Hodgkin,1985-01-01
793,"9 Fitzroy SquareFitzrovia W1T 5HW, ",August Wilhelm Hofmann   ,https://en.wikipedia.org/wiki/August_Wilhelm_Hofmann,1985-01-01
794,"23 Great Ormond StreetHolborn WC1N 3JB, ",John Howard   ,https://en.wikipedia.org/wiki/John_Howard_(prison_reformer),1908-01-01
795,"8 Taviton StreetBloomsbury WC1H 0BX, ",Hugh Price Hughes   ,https://en.wikipedia.org/wiki/Hugh_Price_Hughes,1989-01-01
796,"31 Steele's RoadChalk Farm NW3 4RE, ",Leslie 'Hutch' Hutchinson   ,https://en.wikipedia.org/wiki/Leslie_Hutchinson,2012-01-01
797,"16 Bracknell GardensHampstead NW3 7EB, ",Huxley familyAldous Huxley    Julian Huxley    Leonard Huxley    ,https://en.wikipedia.org/wiki/Huxley_family,1995-01-01
798,"13 Well WalkHampstead NW3 1BY, ",Henry Meyers Hyndman   ,https://en.wikipedia.org/wiki/Henry_Hyndman,1972-01-01
799,"15 Gloucester Gate (Albany Street frontage)Regent's Park NW1 4HG, ",W. W. Jacobs   ,https://en.wikipedia.org/wiki/W._W._Jacobs,1998-01-01
800,"19 Grove TerraceDartmouth Park NW5 IPH, ",Geoffrey Jellicoe   ,https://en.wikipedia.org/wiki/Geoffrey_Jellicoe,2009-01-01
801,"8 Regent's Park TerraceCamden Town NW1 7EE, ",Humphrey Jennings   ,https://en.wikipedia.org/wiki/Humphrey_Jennings,2006-01-01
802,"108 FrognalHampstead NW3 6XU, ",Tamara Karsavina   ,https://en.wikipedia.org/wiki/Tamara_Karsavina,1987-01-01
803,"Keats House (formerly Wentworth Place), Keats GroveHampstead NW3 2RR, ",John Keats   ,https://en.wikipedia.org/wiki/John_Keats,1896-01-01
804,"46 Gordon SquareBloomsbury WC1H 0PD, ",John Maynard Keynes   ,https://en.wikipedia.org/wiki/John_Maynard_Keynes,1975-01-01
805,"21 Mecklenburgh SquareBloomsbury WC1N 2DT, ",Sir Syed Ahmed Khan   ,https://en.wikipedia.org/wiki/Syed_Ahmed_Khan,1997-01-01
806,"197 Albany StreetRegent's Park NW1 4AB, ",Constant Lambert   ,https://en.wikipedia.org/wiki/Constant_Lambert,1997-01-01
807,"15 Percy StreetFitzrovia W1T 1DU, ",Charles Laughton   ,https://en.wikipedia.org/wiki/Charles_Laughton,1992-01-01
808,"1 Byron Villas, Vale of HealthHampstead NW3 1AR, ",D. H. Lawrence   ,https://en.wikipedia.org/wiki/D._H._Lawrence,1969-01-01
809,"Central School of Arts and Crafts, Southampton RowHolborn WC1B 4AP, ",William Richard Lethaby   ,https://en.wikipedia.org/wiki/William_Richard_Lethaby,1957-01-01
810,"20 Calthorpe StreetClerkenwell WC1X 0JS, ",William Richard Lethaby   ,https://en.wikipedia.org/wiki/William_Richard_Lethaby,1979-01-01
811,"Inverforth House, North End WayHampstead NW3 7EU, ","William Lever, 1st Viscount Leverhulme   ","https://en.wikipedia.org/wiki/William_Lever,_1st_Viscount_Leverhulme",2002-01-01
812,"20 Albert StreetCamden Town NW1 7LU, ",George Macdonald   ,https://en.wikipedia.org/wiki/George_Macdonald,2005-01-01
813,"9 Howitt RoadBelsize Park NW3 4LT, ",Ramsay MacDonald   ,https://en.wikipedia.org/wiki/Ramsay_MacDonald,1963-01-01
814,"13 Minster RoadWest Hampstead NW2 3SE, ",Dame Ida Mann   ,https://en.wikipedia.org/wiki/Ida_Mann,2012-01-01
815,"17 East Heath RoadHampstead NW3 1AL, ",Katherine Mansfield    and John Middleton Murry   ,https://en.wikipedia.org/wiki/Katherine_Mansfield,1969-01-01
816,"65 Lincoln's Inn FieldsHolborn WC2A 4LH, ",William Marsden   ,https://en.wikipedia.org/wiki/William_Marsden_(surgeon),1986-01-01
817,"21 Arkwright RoadHampstead NW3 6AA, ",Tobias Matthay   ,https://en.wikipedia.org/wiki/Tobias_Matthay,1979-01-01
818,"57d Hatton GardenHolborn EC1N 8HP, ",Sir Hiram Maxim   ,https://en.wikipedia.org/wiki/Hiram_Maxim,1966-01-01
819,"55 Albany StreetRegent's Park NW1 4BT, ",Henry Mayhew   ,https://en.wikipedia.org/wiki/Henry_Mayhew,1953-01-01
820,"183 Gower StreetBloomsbury NW1 2NJ, ",Giuseppe Mazzini   ,https://en.wikipedia.org/wiki/Giuseppe_Mazzini,1950-01-01
821,"25 Downshire Hill,Hampstead NW3 1NT, ",Peter Medawar   ,https://en.wikipedia.org/wiki/Peter_Medawar,2014-01-01
822,"21 Downshire HillHampstead NW3 1NT, ",Lee Miller    and Sir Roland Penrose   ,https://en.wikipedia.org/wiki/Lee_Miller,2003-01-01
823,"60 Parkhill RoadHampstead NW3 2YT, ",Piet Cornelis Mondrian   ,https://en.wikipedia.org/wiki/Piet_Cornelis_Mondrian,1975-01-01
824,"11a Parkhill RoadHampstead NW3 2YH, ",Henry Moore   ,https://en.wikipedia.org/wiki/Henry_Moore,2004-01-01
825,"10 Gower StreetBloomsbury WC1E 6DP, ",Lady Ottoline Morrell   ,https://en.wikipedia.org/wiki/Ottoline_Morrell,1986-01-01
826,"24 Ferncroft AvenueHampstead NW3 7PH, ",John McCormack   ,https://en.wikipedia.org/wiki/John_McCormack_(tenor),2005-01-01
827,"66 Great Russell StreetBloomsbury WC1B 3BN, ",John Nash   ,https://en.wikipedia.org/wiki/John_Nash_(architect),2013-01-01
828,"Queen Alexandra Mansions, Bidborough StreetKing's Cross WC1H 9DJ, ",Paul Nash   ,https://en.wikipedia.org/wiki/Paul_Nash_(artist),1991-01-01
829,"4 Downside Crescent, Hampstead, London NW3 2AP, ",Henry Nevinson      C.R.W. Nevinson    ,https://en.wikipedia.org/wiki/Henry_Nevinson,2018-01-01
830,"2B Pilgrim's LaneHampstead NW3 1SL, ",Ben Nicholson O. M.   ,https://en.wikipedia.org/wiki/Ben_Nicholson,2002-01-01
831,"1 Pilgrim's LaneHampstead NW3 1SJ, ",Sir William Nicholson   ,https://en.wikipedia.org/wiki/William_Nicholson_(artist),2010-01-01
832,"60 Burghley RoadKentish Town NW5 1UN, ",Kwame Nkrumah   ,https://en.wikipedia.org/wiki/Kwame_Nkrumah,2005-01-01
833,"50 Lawford RoadKentish Town NW5 2LN, ",George Orwell   ,https://en.wikipedia.org/wiki/George_Orwell,1980-01-01
834,"1 Broadhurst GardensHampstead NW6 3QX, ",Martina Bergman-Österberg   ,https://en.wikipedia.org/wiki/Martina_Bergman-%C3%96sterberg,1999-01-01
835,"14 Percy StreetFitzrovia W1T 1DR, ",Coventry Patmore   ,https://en.wikipedia.org/wiki/Coventry_Patmore,1960-01-01
836,"7 Well RoadHampstead NW3 1LH, ",Karl Pearson   ,https://en.wikipedia.org/wiki/Karl_Pearson,1983-01-01
837,"59–60 Lincoln's Inn FieldsHolborn WC2A 3LJ, ",Spencer Perceval   ,https://en.wikipedia.org/wiki/Spencer_Perceval,1914-01-01
838,"5 Cannon PlaceHampstead NW3 1EH, ",Sir Flinders Petrie   ,https://en.wikipedia.org/wiki/Flinders_Petrie,1954-01-01
839,"2 Wildwood TerraceHampstead NW3 7HT, ",Sir Nikolaus Pevsner   ,https://en.wikipedia.org/wiki/Nikolaus_Pevsner,2007-01-01
840,"3 Chalcot SquarePrimrose Hill NW1 8YB, ",Sylvia Plath   ,https://en.wikipedia.org/wiki/Sylvia_Plath,2000-01-01
841,"7 Gower StreetBloomsbury WC1E 6HA, ",Pre-Raphaelite Brotherhood,https://en.wikipedia.org/wiki/Pre-Raphaelite_Brotherhood,1998-01-01
842,"3 The GroveHighgate N6 6JU, ",J. B. Priestley   ,https://en.wikipedia.org/wiki/J._B._Priestley,1994-01-01
843,"16 Chalcot GardensBelsize Park NW3 4YB, ",Arthur Rackham   ,https://en.wikipedia.org/wiki/Arthur_Rackham,1981-01-01
844,"13 Bedford SquareBloomsbury WC1B 3RA, ",Sir Harry Ricardo   ,https://en.wikipedia.org/wiki/Harry_Ricardo,2005-01-01
845,"37 Chalcot CrescentBelsize Park NW1 8YG, ",Dr. José Rizal   ,https://en.wikipedia.org/wiki/Jos%C3%A9_Rizal,1983-01-01
846,"14 St Mark's CrescentPrimrose Hill NW1 7TS, ",William Roberts   ,https://en.wikipedia.org/wiki/William_Roberts_(painter),2003-01-01
847,"The Chestnuts, Branch HillHampstead NW3 7NA, ",Paul Robeson   ,https://en.wikipedia.org/wiki/Paul_Robeson,2002-01-01
848,"14 Gower StreetBloomsbury WC1E 6DP, ",James Robinson   ,https://en.wikipedia.org/w/index.php?title=James_Robinson_(dentist)&action=edit&redlink=1,1991-01-01
849,"21 Russell SquareBloomsbury WC1B 4EH, ",Sir Samuel Romilly   ,https://en.wikipedia.org/wiki/Samuel_Romilly,1919-01-01
850,"Romney's House, 5 Holly Bush HillHampstead NW3 6SH, ",George Romney   ,https://en.wikipedia.org/wiki/George_Romney_(painter),1908-01-01
852,"49 Bedford SquareBloomsbury WC1B 3DP, ",Ram Mohan Roy   ,https://en.wikipedia.org/wiki/Ram_Mohan_Roy,1985-01-01
853,"34 Russell Chambers, Bury PlaceBloomsbury WC1A 2JX, ",Bertrand Russell   ,https://en.wikipedia.org/wiki/Bertrand_Russell,2002-01-01
854,"27 Chester TerraceRegent's Park NW1 4ND, ",Sir John Maitland Salmond   ,https://en.wikipedia.org/wiki/John_Salmond,2002-01-01
855,"24 Great James StreetHolborn WC1N 3ES, ",Dorothy L. Sayers   ,https://en.wikipedia.org/wiki/Dorothy_L._Sayers,2000-01-01
856,"257 Camden High StreetCamden Town NW1 7BU, ",Tom Sayers   ,https://en.wikipedia.org/wiki/Tom_Sayers,2002-01-01
857,"Admiral's House, Admiral's WalkHampstead NW3 6RS, ",Sir George Gilbert Scott   ,https://en.wikipedia.org/wiki/George_Gilbert_Scott,1910-01-01
858,"4 Maresfield GardensHampstead NW3 5SU, ",Cecil Sharp   ,https://en.wikipedia.org/wiki/Cecil_Sharp,1985-01-01
859,"29 Fitzroy SquareFitzrovia W1T 5LP, ",Sir George Bernard Shaw   ,https://en.wikipedia.org/wiki/George_Bernard_Shaw,1951-01-01
860,"6 Ellerdale RoadHampstead NW3 6BD, ",Richard Norman Shaw   ,https://en.wikipedia.org/wiki/Richard_Norman_Shaw,2006-01-01
861,"6 Mornington CrescentCamden Town NW1 7RH, ",Walter Sickert   ,https://en.wikipedia.org/wiki/Walter_Sickert,1977-01-01
862,"5 Denmark StreetSt Giles WC2H 8LS, ",Augustus Siebe   ,https://en.wikipedia.org/wiki/Augustus_Siebe,2000-01-01
863,"8 Frognal GardensHampstead NW3 6UX, ",Alastair Sim   ,https://en.wikipedia.org/wiki/Alastair_Sim,2008-01-01
864,"Greenhill, Hampstead High StreetHampstead NW3 5TY, ",Edith Sitwell   ,https://en.wikipedia.org/wiki/Edith_Sitwell,1998-01-01
865,"4 Bloomsbury PlaceBloomsbury WC1A 2QA, ",Sir Hans Sloane   ,https://en.wikipedia.org/wiki/Hans_Sloane,1965-01-01
866,"81 Charlotte StreetFitzrovia W1T 4PP, ",Sir Robert Smirke   ,https://en.wikipedia.org/wiki/Robert_Smirke_(architect),1979-01-01
867,"14 Doughty StreetHolborn WC1N 2PL, ",Sydney Smith   ,https://en.wikipedia.org/wiki/Sydney_Smith,1906-01-01
868,"9 Eton VillasBelsize Park NW3 5SX, ",Alfred Stevens   ,https://en.wikipedia.org/wiki/Alfred_Stevens_(sculptor),1924-01-01
869,"51 Gordon SquareBloomsbury WC1H 0PN, ",Lytton Strachey   ,https://en.wikipedia.org/wiki/Lytton_Strachey,1971-01-01
870,"1 Eton VillasChalk Farm NW1 4SX, ",Sir John Summerson   ,https://en.wikipedia.org/wiki/John_Summerson,2012-01-01
871,"3 Villas on the Heath, Vale of HealthHampstead NW3 1BA, ",Rabindranath Tagore   ,https://en.wikipedia.org/wiki/Rabindranath_Tagore,1961-01-01
872,"21 Mecklenburgh SquareBloomsbury WC1N 2DT, ",R. H. Tawney   ,https://en.wikipedia.org/wiki/Richard_Henry_Tawney,1980-01-01
873,"13 St Mark's CrescentPrimrose Hill NW1 7TS, ",A. J. P. Taylor   ,https://en.wikipedia.org/wiki/A._J._P._Taylor,2013-01-01
874,"40 Bedford Place, Bloomsbury WC1B 5JT, ",John Thelwall   ,https://en.wikipedia.org/wiki/John_Thelwall,2018-01-01
875,"54 Delancey StreetCamden Town NW1 7RY, ",Dylan Thomas   ,https://en.wikipedia.org/wiki/Dylan_Thomas,1983-01-01
876,"Vane House, Rosslyn HillHampstead NW3 5UN, ",Sir Harry Vane   ,https://en.wikipedia.org/wiki/Henry_Vane_the_Younger,1897-01-01
877,"19 North EndHampstead NW3 7HR, ",Michael Ventris   ,https://en.wikipedia.org/wiki/Michael_Ventris,1990-01-01
878,"4 Holford RoadHampstead NW3 1AD, ",Baron Friedrich von Hügel   ,https://en.wikipedia.org/wiki/Friedrich_von_H%C3%BCgel,1968-01-01
879,"35 Bedford SquareBloomsbury WC1B 3ES, ",Thomas Wakley   ,https://en.wikipedia.org/wiki/Thomas_Wakley,1962-01-01
880,"1 Netherhall GardensHampstead NW3 5RS, ",Beatrice    and Sidney Webb   ,"https://en.wikipedia.org/wiki/Beatrice_Webb,_Baroness_Passfield",1981-01-01
881,"6 Gloucester GateRegent's Park NW1 4HG, ",Sir Henry Wellcome   ,https://en.wikipedia.org/wiki/Henry_Wellcome,1989-01-01
882,"10 Bloomsbury SquareBloomsbury WC1A 2LP, ",Dr. Robert Willan   ,https://en.wikipedia.org/wiki/Robert_Willan,1949-01-01
883,"9 Rochester TerraceCamden NW1 9JN, ",'Father' Henry Willis   ,https://en.wikipedia.org/wiki/Henry_Willis,1986-01-01
884,"4 Elsworthy RoadBelsize Park NW3 3DJ, ",Sir Henry Wood   ,https://en.wikipedia.org/wiki/Henry_Wood,1969-01-01
885,"29 Fitzroy SquareFitzrovia W1T 5LP, ",Virginia Woolf   ,https://en.wikipedia.org/wiki/Virginia_Woolf,1974-01-01
886,"77 Great Russell StreetBloomsbury WC1B 3DA, ",Thomas Henry Wyatt   ,https://en.wikipedia.org/wiki/Thomas_Henry_Wyatt,1957-01-01
887,"23 Fitzroy RoadPrimrose Hill NW1 8TP, ",William Butler Yeats   ,https://en.wikipedia.org/wiki/William_Butler_Yeats,1957-01-01
888,"Queen Court, 24–28 Queen Square, Guilford StreetHolborn WC1N 3BB, ",Wing Commander F. F. E. Yeo-Thomas G. C.   ,https://en.wikipedia.org/wiki/F._F._E._Yeo-Thomas,2010-01-01
